{"cameraMode":{"drawMode":0,"name":"Shaded","section":"Shading Mode"},"sceneLighting":true,"audioPlay":false,"sceneViewState":{"m_AlwaysRefresh":false,"showFog":true,"showSkybox":true,"showFlares":true,"showImageEffects":true,"showParticleSystems":true,"showVisualEffectGraphs":true,"m_FxEnabled":true},"in2DMode":false,"pivot":{"x":89.26921844482422,"y":1.2734298706054688,"z":5.960464477539063e-8},"rotation":{"x":0.04811525717377663,"y":-0.8634977340698242,"z":0.08393558859825134,"w":0.49498793482780459},"size":4.537207126617432,"orthographic":false}